id,title,price,base_price,original_price,initial_quantity,buying_mode,listing_type_id,condition,accepts_mercadopago,shipping_mode,local_pick_up,free_shipping,logistic_type,store_pick_up,city_name,state_name,country_name,status,warranty,date_created,last_updated,health
MLA1816353336,Onn Full Hd Streaming Google Tv 2023 8gb 1.5 Gb Ram,52800,52800,,57,buy_it_now,gold_special,new,True,me2,True,True,xd_drop_off,False,San Cristobal,Capital Federal,Argentina,active,Garantía del vendedor: 6 meses,2024-06-19T19:47:43.712Z,2024-10-16T12:07:29.845Z,0.9
MLA1453365954, Apple Tv 4k A2169 De Voz 2.ª Generación 2021 4k 32gb Negro,699997,699997,,7,buy_it_now,gold_special,new,True,me2,False,True,drop_off,False,Tandil,Buenos Aires,Argentina,active,Garantía del vendedor: 6 meses,2023-07-19T19:46:46.000Z,2024-10-03T18:40:34.969Z,
MLA1364551668,Parlante Inteligente Google Home Mini  Youtube Usado Gris,58990,58990,,5,buy_it_now,gold_pro,used,True,me2,False,False,cross_docking,False,Paternal,Capital Federal,Argentina,active,Garantía del vendedor: 3 meses,2023-03-06T16:20:18.000Z,2024-09-25T15:41:16.641Z,0.88
MLA1616759000,Google Home Google Assistant Asistente Virtual Refabricado,154990,154990,,999,buy_it_now,gold_pro,new,True,me2,False,True,cross_docking,False,Paternal,Capital Federal,Argentina,active,Garantía del vendedor: 3 meses,2024-01-02T14:27:00.000Z,2024-10-14T12:14:43.531Z,0.9
MLA1897422330,Tv Box Kanji Smarter 4k Plus 2gb Ram 16 Gb Rom Usb Hdmi Color Negro Tipo De Control Remoto Estándar,72682.0,72682.0,,13,buy_it_now,gold_pro,new,True,me2,True,True,cross_docking,False,Monte Castro,Capital Federal,Argentina,active,Garantía de fábrica: 6 meses,2024-08-30T13:35:27.865Z,2024-10-16T01:08:26.244Z,
MLA1166759149,Chromecast With Google Tv De Voz 4ª Generación 4k 8gb Snow Con 2gb De Memoria Ram,208999,208999,,8,buy_it_now,gold_pro,new,True,me2,True,True,cross_docking,False,Córdoba,Córdoba,Argentina,active,Garantía de fábrica: 12 meses,2022-09-12T14:17:09.000Z,2024-10-15T21:29:08.099Z,
MLA1799086010,Apple Tv A1469 Estándar 3.ª Generación Rev. A Full Hd 8gb,150000,150000,,1,buy_it_now,gold_special,used,True,me2,False,True,xd_drop_off,False,Palermo Hollywood,Capital Federal,Argentina,active,,2024-06-05T16:22:53.300Z,2024-09-02T15:46:31.942Z,0.75
MLA1286445386,"Amazon Fire Tv Stick 4k 8gb Hdr Dolby Control Voz 1,5gb Ram ",110599,110599,,52,buy_it_now,gold_pro,new,True,me2,True,True,xd_drop_off,False,CHACARITA,Capital Federal,Argentina,active,Garantía de fábrica: 6 meses,2022-12-20T19:13:56.000Z,2024-10-14T12:08:05.985Z,1
MLA1449934847,Watch Onn Google Tv Box 4k Control Voz Wifi,69999,69999,,99,buy_it_now,gold_special,new,True,me2,False,True,xd_drop_off,False,Caba,Capital Federal,Argentina,active,Garantía del vendedor: 3 meses,2024-09-13T16:08:53.819Z,2024-10-16T14:29:53.555Z,0.88
MLA1391504537,Amazon Fire Tv Stick Lite 2da Gen Streaming Full Hd 8gb,85999,85999,,31,buy_it_now,gold_special,new,True,me2,False,True,cross_docking,False,Barracas,Capital Federal,Argentina,active,Garantía de fábrica: 6 meses,2023-10-06T18:34:17.000Z,2024-10-16T03:15:34.459Z,0.9
MLA1361528507,Parlante Inteligente Google Home Mini Smart Speaker Gris Yt,62990,62990,,4,buy_it_now,gold_pro,used,True,me2,False,False,cross_docking,False,Paternal,Capital Federal,Argentina,active,Garantía del vendedor: 3 meses,2023-03-06T16:20:21.000Z,2024-09-25T15:41:26.175Z,0.88
MLA1382798627,Google Chromecast Ultra 4k Negro,80299,80299,,245,buy_it_now,gold_special,new,True,me2,False,True,fulfillment,False,Puerto Madero,Capital Federal,Argentina,active,Garantía del vendedor: 6 meses,2023-08-11T19:56:29.000Z,2024-10-07T14:50:59.017Z,0.77
MLA1909501704,Xiaomi Mi Tv Stick 2a Gen 8gb Full Hd Mdz-24-aa,79999,79999,,20,buy_it_now,gold_special,new,True,me2,False,True,xd_drop_off,False,Córdoba,Córdoba,Argentina,active,Garantía del vendedor: 3 meses,2024-09-13T17:51:00.123Z,2024-10-15T22:46:50.273Z,0.9
MLA1426291701,Apple Tv 4k 64gb Modelo A2169. Soporte Y Funda De Regalo,567000,567000,,1,buy_it_now,gold_special,new,True,me2,True,True,xd_drop_off,False,CABA,Capital Federal,Argentina,active,Garantía de fábrica: 12 meses,2024-05-13T14:00:52.000Z,2024-09-02T15:49:57.978Z,0.72
MLA1933604596,Apple Tv Hd A1625 4.a Gen 2015 Full Hd 32gb,165000,165000,,1,buy_it_now,gold_special,used,True,me2,False,False,xd_drop_off,False,CABA,Capital Federal,Argentina,active,Sin garantía,2024-10-12T13:28:59.280Z,2024-10-13T22:03:50.081Z,0.62
MLA1597574484,Parlante Google Home Mini Asistente Virtual Refabricado,69990,69990,,59,buy_it_now,gold_special,new,True,me2,False,True,fulfillment,False,Paternal,Capital Federal,Argentina,active,Garantía del vendedor: 3 meses,2023-12-13T16:08:37.000Z,2024-10-16T03:19:15.191Z,0.75
MLA1618186640, Apple Tv 4k (wifi + Ethernet) A2843 De Voz 3.ª Generación 2022 4k 128gb Negro,550999,550999,,25,buy_it_now,gold_pro,new,True,me2,False,True,cross_docking,False,Piñeyro,Buenos Aires,Argentina,active,Garantía de fábrica: 1 años,2024-01-03T12:30:13.000Z,2024-10-16T15:01:51.348Z,
MLA1154268993,Combo Google Home Mini + Chromecast 2 Asistente Virtuales,199990,199990,,1002,buy_it_now,gold_pro,new,True,me2,False,True,cross_docking,False,Paternal,Capital Federal,Argentina,active,Garantía del vendedor: 3 meses,2022-08-18T15:51:02.000Z,2024-10-16T03:17:50.423Z,0.9
MLA1563139726,Google Chromecast 4 Generación Con Google Tv Hd Blanco,132338,132338,,622,buy_it_now,gold_pro,new,True,me2,False,True,xd_drop_off,False,San Nicolás,Capital Federal,Argentina,active,Garantía del vendedor: 6 meses,2023-11-13T12:51:30.000Z,2024-10-16T15:00:33.189Z,
MLA1444421285,Roku Le 3930s3 Estándar Hd Blanco Y Negro,67000,67000,,23,buy_it_now,gold_special,new,True,me2,False,True,cross_docking,False,Núñez,Capital Federal,Argentina,active,Garantía de fábrica: 30 días,2024-08-19T21:08:04.355Z,2024-10-03T13:06:45.350Z,
MLA1443012353,Google Home Hub Asistente Pantalla  7  Pulgadas Impecable,170000,170000,,1,buy_it_now,gold_special,used,True,me2,False,True,drop_off,False,La Rioja Capital,La Rioja,Argentina,active,Sin garantía,2024-08-13T09:27:03.872Z,2024-09-30T23:52:30.456Z,0.87
MLA1453242679,Tv Box Kanji Smarter 4k Plus 4k 2gb Ram 16 Gb Rom Usb Hdmi,67908,67908,,66,buy_it_now,gold_special,new,True,me2,False,True,cross_docking,False,Chacarita,Capital Federal,Argentina,active,Garantía de fábrica: 3 meses,2024-10-02T18:11:40.086Z,2024-10-15T22:18:23.580Z,0.81
MLA1400539531,Google Home Mini Asistente Virtual Google Assistant Ref,64990,64990,,3,buy_it_now,gold_special,new,True,me2,False,True,cross_docking,False,Paternal,Capital Federal,Argentina,active,Garantía del vendedor: 3 meses,2023-12-28T18:36:01.000Z,2024-09-29T03:41:19.768Z,0.8
MLA1452766375,Apple Tv 4k 32 Gb Mod A1842,160000,160000,,1,buy_it_now,free,used,True,me2,False,False,xd_drop_off,False,Caballito,Capital Federal,Argentina,active,Sin garantía,2024-09-29T15:10:43.886Z,2024-09-29T15:10:43.886Z,
MLA1398767505,Google Home Mini Con Asistente Virtual Multi-room Ref,99990,99990,,999,buy_it_now,gold_pro,new,True,me2,False,True,cross_docking,False,Paternal,Capital Federal,Argentina,active,Garantía del vendedor: 3 meses,2023-12-12T20:15:41.000Z,2024-10-16T14:44:37.281Z,0.9
MLA1856299012,Amazon Fire Tv Stick 4k Comando De Voz Streaming,96000,96000,,61,buy_it_now,gold_special,new,True,me2,False,True,fulfillment,False,Parque Patricios,Capital Federal,Argentina,active,Garantía de fábrica: 12 meses,2024-07-23T16:02:47.607Z,2024-10-15T19:58:30.707Z,0.88
MLA1367192955,Amazon Fire Tv Stick 3ra Gen Full Hd Youtube Netflix Disney,86799,86799,,52,buy_it_now,gold_pro,new,True,me2,True,True,xd_drop_off,False,San Cristobal,Capital Federal,Argentina,active,Garantía del vendedor: 6 meses,2023-04-24T13:47:03.000Z,2024-10-15T00:25:06.687Z,1
MLA1453203257,Fire Tv Stick Lite Con Botones Amazon Streaming,77542,77542,,54,buy_it_now,gold_pro,new,True,me2,False,True,cross_docking,False,Congreso,Capital Federal,Argentina,active,Sin garantía,2024-10-02T18:04:57.182Z,2024-10-16T06:46:04.731Z,
MLA1373085987,Amazon Lite Fire Tv Stick B091g4yp57 De Voz Full Hd 8gb Negro Con 1gb De Memoria Ram,84399,84399,,214,buy_it_now,gold_pro,new,True,me2,True,True,xd_drop_off,False,San Cristobal,Capital Federal,Argentina,active,Garantía del vendedor: 6 meses,2023-06-12T19:51:02.000Z,2024-10-16T13:30:56.646Z,
MLA1145383193, Apple Tv 4.ª Generación 2017 Full Hd 64gb Casi Nuevo,380000,380000,,1,buy_it_now,gold_special,used,True,me2,False,True,xd_drop_off,False,Núñez,Capital Federal,Argentina,active,Sin garantía,2022-07-04T19:49:51.000Z,2024-09-11T14:13:14.414Z,0.75
MLA1448835555,Apple Tv A1469 Estándar 3,95000,95000,,1,buy_it_now,gold_special,used,True,me2,False,False,xd_drop_off,False,Flores,Capital Federal,Argentina,active,Sin garantía,2024-09-08T22:25:54.603Z,2024-09-08T22:25:56.709Z,0.62
MLA1436930383,Apple Tv A1427 Estándar 3.ªgeneracion,80500,80500,,1,buy_it_now,gold_special,used,True,me2,True,False,xd_drop_off,False,capital federal,Capital Federal,Argentina,active,Sin garantía,2024-07-10T02:29:52.388Z,2024-09-02T15:50:27.120Z,0.62
MLA1452422639,Google Chromecast Ultra 4k Negro,149000,149000,,3,buy_it_now,gold_pro,new,True,me2,True,True,xd_drop_off,False,Sarandi,Buenos Aires,Argentina,active,Garantía del vendedor: 7 días,2024-09-27T17:24:02.814Z,2024-10-13T13:57:33.318Z,
MLA1448130415,Google Chromecast 4 Gen Con Google Tv Con Transformador,129000,129000,,168,buy_it_now,gold_pro,new,True,me2,True,True,xd_drop_off,False,Palermo,Capital Federal,Argentina,active,Garantía del vendedor: 6 meses,2024-09-04T21:12:38.746Z,2024-10-16T14:38:32.890Z,1
MLA1902375376,Amazon Fire Tv Stick 4k 23 Wifi 6 2gb Ram Alexa Sin Fuente,87999,87999,,7,buy_it_now,gold_special,new,True,me2,True,True,xd_drop_off,False,Florida Oeste,Buenos Aires,Argentina,active,Garantía de fábrica: 3 meses,2024-09-05T15:57:38.961Z,2024-10-16T12:06:19.137Z,0.81
MLA1906621852,Roku Le 3930s4 Estándar Hd 32mb Negro Y Violeta,65700,65700,,32,buy_it_now,gold_pro,new,True,me2,False,True,cross_docking,False,Núñez,Capital Federal,Argentina,active,Garantía del vendedor: 31 días,2024-09-10T18:10:55.162Z,2024-10-15T21:29:10.298Z,
MLA1925001440,Apple Tv 3a Gen A1427 8gb Negro 512mb Ram Hdmi,58999.99,58999.99,,1,buy_it_now,gold_special,used,True,me2,False,True,drop_off,False,Tigre,Buenos Aires,Argentina,active,Garantía del vendedor: 30 días,2024-10-02T09:40:00.406Z,2024-10-15T06:32:11.147Z,0.77
MLA1854018118,Amazon Fire Tv Stick Lite Control Voz Edición 2022 Full Hd,68799,68799,,72,buy_it_now,gold_special,new,True,me2,False,True,xd_drop_off,False,San Cristóbal,Capital Federal,Argentina,active,Garantía del vendedor: 6 meses,2024-07-21T18:13:29.585Z,2024-10-16T14:59:51.757Z,0.8
MLA1144084762,Amazon Fire Tv Stick 4k 8gb Negro Con 1.5gb De Memoria Ram,78800,78800,,75,buy_it_now,gold_special,new,True,me2,True,True,cross_docking,False,San Cristóbal,Capital Federal,Argentina,active,Garantía del vendedor: 6 meses,2022-06-24T17:03:09.000Z,2024-10-16T14:16:31.857Z,0.9
MLA1447720899,Amazon Fire Tv Stick 4k De Voz 2ª Generación 4k 8gb Negro Con 1.5gb De Memoria Ram,103999,103999,,28,buy_it_now,gold_pro,new,True,me2,False,True,xd_drop_off,False,San Cristóbal,Capital Federal,Argentina,active,Garantía del vendedor: 6 meses,2024-09-03T19:37:46.927Z,2024-10-14T21:37:55.155Z,
MLA1453186637,Convertidor Smart Tv 4k Onn Google Tv Hdmi Tv Box Uhd,82462,82462,,737,buy_it_now,gold_special,new,True,me2,False,True,cross_docking,False,Chacarita,Capital Federal,Argentina,active,Garantía de fábrica: 6 meses,2024-10-02T16:47:14.146Z,2024-10-16T14:35:16.376Z,0.9
MLA1780013790,Watch Onn Fhd Streaming Stick 2da Generación Google Tv 8gb 1.5 Gb Ram Color Negro Control Remoto De Voz,67260,67260,,299,buy_it_now,gold_pro,new,True,me2,True,True,drop_off,False,Paraná,Entre Ríos,Argentina,active,Garantía de fábrica: 3 meses,2024-05-20T21:58:24.249Z,2024-10-16T14:37:09.219Z,
MLA1449403395, Apple Tv Hd A1625 De Voz 4.ª Generación 2015 Full Hd 32gb Negro Con 2gb De Memoria Ram,329990,329990,,996,buy_it_now,gold_pro,new,True,me2,False,True,cross_docking,False,Paternal,Capital Federal,Argentina,active,Garantía del vendedor: 3 meses,2024-09-11T14:52:42.103Z,2024-10-16T03:20:59.572Z,
MLA1324463415,Chromecast Google Ga03131 Tv Hd 8gb Blanco Control !,172653,172653,,812,buy_it_now,gold_pro,new,True,me2,False,True,cross_docking,False,Chacarita,Capital Federal,Argentina,active,Garantía de fábrica: 6 meses,2023-01-28T15:18:34.000Z,2024-10-16T15:02:58.998Z,0.9
MLA1384878201,Roku Express 3960rw Estándar Full Hd Negro,55499,55499,,5813,buy_it_now,gold_special,new,True,me2,True,True,cross_docking,False,Parque Chas,Capital Federal,Argentina,active,Garantía del vendedor: 6 meses,2023-08-25T19:29:40.000Z,2024-10-16T14:53:58.357Z,0.9
MLA1907122196,"Google Nest Hub Con Asistente Virtual Google Assistant, Pantalla Integrada De 7  Charcoal 110v/220v",270000,270000,,1,buy_it_now,gold_special,new,True,me2,False,True,xd_drop_off,False,Saenz Pena,Buenos Aires,Argentina,active,Sin garantía,2024-09-11T11:28:01.415Z,2024-09-11T11:28:05.227Z,
MLA1443501377,Chromecast With Google Tv De Voz 4 Generación 4k 8gb Snow Con 2gb De Memoria Ram,149000,149000,,48,buy_it_now,gold_pro,new,True,me2,True,True,xd_drop_off,False,Palermo,Capital Federal,Argentina,active,Garantía del vendedor: 6 meses,2024-08-15T13:49:27.197Z,2024-10-16T11:27:09.227Z,
MLA1894165022,Tv Box Oryx M10b Estándar 4k 16gb Negro Con 1gb De Memoria Ram,59999.0,59999.0,,31,buy_it_now,gold_special,new,True,me2,True,True,cross_docking,False,PASO DEL REY,Buenos Aires,Argentina,active,Sin garantía,2024-08-27T08:02:17.349Z,2024-10-16T14:18:28.210Z,
MLA1750142058,Smart Tv Onn Uhd Streaming 4k Google Tv Netflix Disney+ Star,72300,72300,,1117,buy_it_now,gold_special,new,True,me2,False,True,fulfillment,False,Junín,Buenos Aires,Argentina,active,Garantía de fábrica: 6 meses,2024-04-24T13:00:24.000Z,2024-10-16T13:42:04.399Z,0.88
MLA1454615353,Convertidor De Caja De Tv Hd Inteligente Normal A Caja De Tv Inteligente - Tipo De Control Remoto Estándar De Color Negro,80000,80000,,100,buy_it_now,gold_special,new,True,me2,True,True,drop_off,False,General Roca,Río Negro,Argentina,active,Garantía de fábrica: 3 meses,2024-10-10T14:57:44.064Z,2024-10-16T14:36:27.655Z,
MLA1837941502,Apple Tv Hd A1625 4ta Generación Full Hd 32gb Remoto Siri,195000,195000,,1,buy_it_now,gold_special,used,True,me2,False,False,xd_drop_off,False,Coghlan,Capital Federal,Argentina,active,Sin garantía,2024-07-08T12:57:18.103Z,2024-09-26T18:00:28.498Z,0.62
MLA1106774456,Xiaomi Mi Tv Stick Android Tv ,86999,86999,,108,buy_it_now,gold_special,new,True,me2,True,True,cross_docking,False,Parque Chacabuco,Capital Federal,Argentina,active,Garantía del vendedor: 6 meses,2021-10-06T00:17:00.000Z,2024-10-16T11:57:35.544Z,0.9
MLA1418308795,Google Chromecast 4ta Genereación Con Google Tv Hd - Blanco,102400,102400,,227,buy_it_now,gold_special,new,True,me2,True,True,cross_docking,False,San Cristóbal,Capital Federal,Argentina,active,Garantía del vendedor: 6 meses,2024-03-28T19:20:16.000Z,2024-10-16T03:18:44.333Z,0.9
MLA1453494707,Tv Box Noga Noga Pc Ultra 10+ Estándar 4k 16gb Negro Con 2gb De Memoria Ram,57939,57939,,50,buy_it_now,gold_special,new,True,me2,False,True,drop_off,False,Bermejo,Mendoza,Argentina,active,Garantía del vendedor: 30 días,2024-10-03T23:16:39.084Z,2024-10-16T03:26:33.998Z,
MLA1916498408,Amazon Tv Stick Lite 3ra Gen Streaming Full Hd,93370.0,93370.0,,999,buy_it_now,gold_special,new,True,me2,True,True,cross_docking,False,Ramos Mejía,Buenos Aires,Argentina,active,Garantía de fábrica: 12 meses,2024-09-24T12:59:19.691Z,2024-10-11T14:23:13.776Z,0.9
MLA1425636049,Roku Express 4k+ Control De Voz 4k Negro 3941,122999,122999,,254,buy_it_now,gold_pro,new,True,me2,True,True,cross_docking,False,Parque Chas,Capital Federal,Argentina,active,Garantía del vendedor: 6 meses,2024-05-09T16:37:51.000Z,2024-10-16T12:39:10.951Z,
MLA1453236137,Google Chromecast Hd,139000,139000,,30,buy_it_now,gold_pro,new,True,me2,False,True,xd_drop_off,False,NUNIEZ,Capital Federal,Argentina,active,Garantía de fábrica: 60 días,2024-10-02T19:52:24.253Z,2024-10-14T22:04:59.720Z,
MLA1403590535,Roku Express 3960 Estándar Full Hd Negro,53999,53999,,96,buy_it_now,gold_special,new,True,me2,False,True,fulfillment,False,Córdoba,Córdoba,Argentina,active,Garantía del vendedor: 6 meses,2024-01-22T17:41:26.000Z,2024-10-16T11:28:04.174Z,0.88
MLA1125935779,Google Home Mini + Chromecast 2nd Generation Netflix Spotify,129490,129490,,1047,buy_it_now,gold_special,new,True,me2,False,True,cross_docking,False,Paternal,Capital Federal,Argentina,active,Garantía del vendedor: 6 meses,2022-03-04T15:56:55.000Z,2024-09-29T03:10:01.816Z,0.8
MLA1446839887,Roku Premiere 4k Streaming Media Player 5ta Generacion,101999,101999,,46,buy_it_now,gold_special,new,True,me2,False,True,fulfillment,False,Córdoba,Córdoba,Argentina,active,Garantía del vendedor: 6 meses,2024-08-30T18:33:40.089Z,2024-10-16T11:38:25.291Z,0.8
MLA1429056863,Amazon Tv Stick Fire Tv Stick 4k Max K2r2te De Voz 1.ª Generación 4k 8gb Negro Con 2gb De Memoria Ram,109000,109000,,99,buy_it_now,gold_special,new,True,me2,False,True,xd_drop_off,False,Córdoba,Córdoba,Argentina,active,Garantía de fábrica: 1 meses,2024-05-27T18:31:23.215Z,2024-10-16T10:37:39.455Z,
MLA1286463064,Amazon Fire Tv Stick Lite Hd 8gb Hdr Dolby 1080p Control Voz,72490,72490,,219,buy_it_now,gold_special,new,True,me2,True,True,xd_drop_off,False,CHACARITA,Capital Federal,Argentina,active,Garantía del vendedor: 3 meses,2022-12-20T16:32:34.000Z,2024-10-14T01:35:52.235Z,0.9
MLA1445306083,Onn Google Tv Full Hd Streaming Device 8gb 1.5gb Ram ,62254.0,62254.0,,307,buy_it_now,gold_special,new,True,me2,True,True,cross_docking,False,San Martin,Buenos Aires,Argentina,active,Garantía del vendedor: 6 meses,2024-08-23T18:41:10.068Z,2024-10-16T06:53:35.543Z,0.9
MLA1933079400,Apple Tv A1625,170000,170000,,1,buy_it_now,gold_special,used,True,me2,False,False,drop_off,False,Florencio Varela,Buenos Aires,Argentina,active,Sin garantía,2024-10-11T13:52:46.537Z,2024-10-11T13:57:51.679Z,0.62
MLA1806378888, Apple Tv 4k A2169 64gb 2021 Ethernet Thread - Segunda Gen.,549999.99,549999.99,,1,buy_it_now,gold_special,new,True,me2,False,True,xd_drop_off,False,Villa General Mitre,Capital Federal,Argentina,active,Garantía del vendedor: 3 meses,2024-06-11T07:39:48.863Z,2024-09-02T15:50:21.817Z,0.8
MLA1398845475,Google Home Mini Google Assistant Chalk  9 W Ref,71990,71990,,999,buy_it_now,gold_pro,new,True,me2,False,True,cross_docking,False,Paternal,Capital Federal,Argentina,active,Garantía del vendedor: 3 meses,2023-12-12T20:15:44.000Z,2024-10-11T03:35:59.995Z,0.9
MLA1926406582,Smart Tv Onn Uhd Streaming Box 2° Gen 4k Google Tv,64999,64999,,42,buy_it_now,gold_special,new,True,me2,False,True,cross_docking,False,Boedo,Capital Federal,Argentina,active,Garantía del vendedor: 3 meses,2024-10-03T14:35:58.422Z,2024-10-16T14:28:12.959Z,0.9
MLA1452766457,Google Chromecast 4k Chromecast With Google Tv Ga01919-us De Voz 4.ª Generación 4k 8gb Sky Con 2gb De Memoria Ram,173000,173000,,5,buy_it_now,gold_pro,new,True,me2,False,True,xd_drop_off,False,Núñez,Capital Federal,Argentina,active,Garantía del vendedor: 31 días,2024-09-29T15:20:06.659Z,2024-10-15T21:49:22.598Z,
MLA1912381990,Onn Google Tv 4k Uhd Streaming Device 2° Gen Hdmi,60280,60280,,103,buy_it_now,gold_special,new,True,me2,True,True,cross_docking,False,Berazategui,Buenos Aires,Argentina,active,Garantía del vendedor: 30 días,2024-09-18T12:58:10.280Z,2024-10-16T14:42:12.940Z,0.9
MLA1432622907,Google Home Mini Google Assistant Coral 110v/220v Usado,44990,44990,,999,buy_it_now,gold_special,used,True,me2,False,False,cross_docking,False,Paternal,Capital Federal,Argentina,active,Garantía del vendedor: 3 meses,2024-06-13T14:05:46.391Z,2024-09-27T22:33:58.483Z,0.66
MLA1444378419,Apple Tv 4k Sellado,450000,450000,,1,buy_it_now,gold_pro,new,True,me2,False,True,drop_off,False,Los Polvorines,Buenos Aires,Argentina,active,Garantía de fábrica: 12 meses,2024-08-19T02:21:07.881Z,2024-10-15T16:33:08.492Z,1
MLA1451217175,"Amazon Fire Tv Stick 4k Streaming, Con Alexa Voice Remote Color Negro",124999,124999,,10,buy_it_now,gold_pro,new,True,me2,True,True,xd_drop_off,False,Monserrat,Capital Federal,Argentina,active,Garantía del vendedor: 6 meses,2024-09-20T18:50:02.330Z,2024-10-16T04:22:22.591Z,
MLA1444459291,"Amazon Fire Tv Stick 4k Streaming, Con Alexa Voice Remote Co",107799,107799,,17,buy_it_now,gold_pro,new,True,me2,False,True,fulfillment,False,Olivos,Buenos Aires,Argentina,active,Garantía del vendedor: 6 meses,2024-08-19T20:53:11.590Z,2024-09-15T19:00:39.854Z,1
MLA1455120887,Amazon Fire Tv Stick Lite 3ra Gen Con Alexa Control De Voz,92999,92999,,10,buy_it_now,gold_pro,new,True,me2,True,True,xd_drop_off,False,Recoleta,Capital Federal,Argentina,active,Garantía del vendedor: 6 meses,2024-10-14T16:25:36.173Z,2024-10-16T14:33:40.592Z,
MLA1453643309,Google Chromecast 3 Full Hd Media Streaming Negro,138000,138000,,10,buy_it_now,gold_pro,new,True,me2,False,True,xd_drop_off,False,Ituzaingó,Buenos Aires,Argentina,active,Garantía del vendedor: 1 días,2024-10-04T16:00:38.990Z,2024-10-15T01:59:10.051Z,
MLA1418014905,Smart Tv Onn  Uhd Streaming Device 2° Gen 4k Color Negro,79999,79999,,1644,buy_it_now,gold_pro,new,True,me2,False,True,fulfillment,False,Puerto Madero,Capital Federal,Argentina,active,Garantía del vendedor: 12 meses,2024-03-27T18:37:19.000Z,2024-10-16T14:32:26.253Z,
MLA1893747370,Smart Tv Box Conversor Android Wifi 4k Noga Pc Ultra Pcreg,90999,90999,,73,buy_it_now,gold_pro,new,True,me2,False,True,cross_docking,False,Almagro,Capital Federal,Argentina,active,Garantía de fábrica: 12 meses,2024-08-26T19:38:58.604Z,2024-10-16T13:46:28.189Z,0.9
MLA1904940598,Apple Tv 4k 64 Gb Negro Con Memoria Ram De 3 Gb A1842,300000,300000,,1,buy_it_now,gold_special,used,True,me2,True,False,xd_drop_off,False,Recoleta,Capital Federal,Argentina,active,Sin garantía,2024-09-09T01:22:06.750Z,2024-10-16T13:21:39.802Z,0.62
MLA1441801245,Onn Google Tv Full Hd Streaming Device 2023 8gb 1.5 Gb Ram,55990,55990,,115,buy_it_now,gold_special,new,True,me2,False,True,cross_docking,False,Balvanera,Capital Federal,Argentina,active,Garantía del vendedor: 3 meses,2024-08-07T02:10:25.395Z,2024-10-16T13:48:11.945Z,0.9
MLA1451432065,Smart Tv Onn  Uhd Streaming Device 2° Gen 4k Color Negro,57600,57600,,136,buy_it_now,gold_special,new,True,me2,False,True,xd_drop_off,False,Flores,Capital Federal,Argentina,active,Garantía del vendedor: 12 meses,2024-09-21T12:14:26.557Z,2024-10-16T14:40:04.443Z,0.9
MLA1389970913, Apple Tv A1469. Full Hd 8gb/ 512mb De Memoria Ram,70000,70000,,1,buy_it_now,gold_special,used,True,me2,False,False,xd_drop_off,False,Villa Devoto,Capital Federal,Argentina,active,Sin garantía,2023-09-26T12:40:19.000Z,2024-10-09T06:05:39.349Z,0.62
MLA1935223294,Convertidor De Smart Tv Box 4k 4gb Ram 32gb Rom Android 13 ! Color Negro Tipo De Control Remoto Estándar,109999,109999,,6,buy_it_now,gold_special,new,True,me2,True,True,xd_drop_off,False,Córdoba,Córdoba,Argentina,active,Sin garantía,2024-10-15T13:00:57.744Z,2024-10-16T14:37:22.869Z,
MLA1737819544,Convertidor Roku Premiere 4k Hdr Streaming + Control Remoto Color Negro,71427.49,71427.49,,41,buy_it_now,gold_special,new,True,me2,True,True,xd_drop_off,False,Moreno,Buenos Aires,Argentina,active,Garantía de fábrica: 12 meses,2024-04-12T14:33:16.000Z,2024-10-16T12:35:49.486Z,
MLA1451143955,Amazon Fire Tv Stick Lite Control Por Voz Alexa Fhd 1080p Color Negro Tipo De Control Remoto De Voz,90948,90948,,37,buy_it_now,gold_pro,new,True,me2,False,True,xd_drop_off,False,NUNIEZ,Capital Federal,Argentina,active,Garantía de fábrica: 60 días,2024-09-19T19:17:50.809Z,2024-10-16T14:11:42.325Z,
MLA1378772113,Amazon Max Fire Tv Stick 4k Max B08mqzxn1x De Voz 3.ª Generación 4k 8gb Negro Con 2gb De Memoria Ram,129999,129999,,22,buy_it_now,gold_special,new,True,me2,False,True,cross_docking,False,Barracas,Capital Federal,Argentina,active,Garantía de fábrica: 6 meses,2023-07-21T14:27:34.000Z,2024-10-15T15:04:09.952Z,
MLA1382825071,Google Chromecast Ultra 4k Negro,80000,80000,,261,buy_it_now,gold_special,new,True,me2,False,True,fulfillment,False,San Telmo,Capital Federal,Argentina,active,Garantía del vendedor: 6 meses,2023-08-11T20:05:37.000Z,2024-10-15T13:34:39.463Z,0.77
MLA1445793563,Apple Tv Hd A1625 De Voz 4.ª Generación 2015 Full Hd 64 Gb,200000,200000,,1,buy_it_now,gold_special,used,True,me2,False,True,drop_off,False,Ramos Mejia,Buenos Aires,Argentina,active,Sin garantía,2024-08-25T21:41:59.938Z,2024-09-19T21:26:39.089Z,0.75
MLA1400506527,Google Home Mini Multi-room Google Assistant Refabricado,84990,84990,,1,buy_it_now,gold_pro,new,True,me2,False,True,cross_docking,False,Paternal,Capital Federal,Argentina,active,Garantía del vendedor: 3 meses,2023-12-28T18:38:49.000Z,2024-09-29T03:41:36.157Z,0.9
MLA1451230839,Amazon Fire Tv Stick 4k Ultra Hd Max 16gb Wi-fi 6e Negro,144900,144900,,11,buy_it_now,gold_pro,new,True,me2,True,True,cross_docking,False,Almagro,Capital Federal,Argentina,active,Garantía del vendedor: 3 meses,2024-09-20T19:01:26.211Z,2024-10-16T00:20:54.546Z,1
MLA1859861486,Roku Express 3960 Estándar Full Hd Con Control Remoto,67799,67799,,3967,buy_it_now,gold_pro,new,True,me2,True,True,cross_docking,False,Parque Chas,Capital Federal,Argentina,active,Garantía del vendedor: 6 meses,2024-07-26T13:27:30.116Z,2024-10-16T15:02:05.873Z,
MLA1448417419,Tv Box Noga Pro Control De Voz Android 12 4k Ultra Hd Wifi 6 Color Negro,136999,136999,,23,buy_it_now,gold_pro,new,True,me2,True,True,cross_docking,False,Puerto Madero,Capital Federal,Argentina,active,Garantía de fábrica: 6 meses,2024-09-06T13:24:27.828Z,2024-10-16T03:25:15.778Z,
MLA1934004620,Tv Box 4gb 64gb Android 13... Compatible Con Apps,55000,55000,,47,buy_it_now,gold_special,new,True,me2,True,True,xd_drop_off,False,Berazategui,Buenos Aires,Argentina,active,Garantía del vendedor: 7 días,2024-10-13T07:38:23.976Z,2024-10-16T14:34:45.998Z,0.83
MLA1433276905,Apple Tv A1469 Estándar 3.ª Generación Excelente Estado,64000,64000,,1,buy_it_now,gold_special,used,True,me2,True,False,xd_drop_off,False,Martínez,Buenos Aires,Argentina,active,Sin garantía,2024-06-16T21:34:29.597Z,2024-09-27T20:10:54.429Z,0.62
MLA1452420859,Asistente Virtual Google Home Mini Coral Wi-fi Refabricado,84990,84990,,1,buy_it_now,gold_pro,new,True,me2,False,True,cross_docking,False,Paternal,Capital Federal,Argentina,active,Garantía del vendedor: 3 meses,2024-09-27T16:48:27.701Z,2024-09-27T16:53:23.769Z,0.9
MLA1110314122,Soporte Pared 45º Google Home Hub Base 138x60mm Nextsale,10900,10900,,25998,buy_it_now,gold_special,new,True,me2,True,False,xd_drop_off,False,Munro,Buenos Aires,Argentina,active,Garantía de fábrica: 30 días,2021-10-29T17:38:53.000Z,2024-08-23T19:28:21.224Z,0.77
MLA1438234620,Amazon Fire Tv Stick 3ra Gen Edición 2021 Full Hd Streaming,86799,86799,,64,buy_it_now,gold_pro,new,True,me2,True,True,cross_docking,False,San Cristóbal,Capital Federal,Argentina,active,Garantía del vendedor: 6 meses,2023-06-26T16:31:00.000Z,2024-10-12T18:16:12.192Z,1
MLA1616758962,Google Home Asistente Virtual Google Assistant Refabricado,119990,119990,,1008,buy_it_now,gold_special,new,True,me2,False,True,cross_docking,False,Paternal,Capital Federal,Argentina,active,Garantía del vendedor: 3 meses,2024-01-02T14:25:35.656Z,2024-10-14T23:24:09.279Z,0.8
MLA1443007093,Amazon Fire Tv Stick Lite 2 Comando De Voz Alexa Streaming,79900,79900,,41,buy_it_now,gold_special,new,True,me2,True,True,xd_drop_off,False,Paternal,Capital Federal,Argentina,active,Garantía de fábrica: 6 meses,2024-08-13T14:11:50.573Z,2024-10-16T11:56:35.989Z,0.9
MLA931702418,Android Tv Box - Streaming En 4k De Alto Performance.,119000,119000,,3038,buy_it_now,gold_pro,new,True,me2,False,True,xd_drop_off,False,Almagro,Capital Federal,Argentina,active,Garantía del vendedor: 3 meses,2021-07-30T13:51:33.000Z,2024-10-16T15:02:40.403Z,0.81
MLA1758734886,Onn Google Tv Full Hd Streaming Device 2023 8gb 1.5 Gb Ram C,52700,52700,,628,buy_it_now,gold_special,new,True,me2,False,True,xd_drop_off,False,Rosario,Santa Fe,Argentina,active,Garantía del vendedor: 6 meses,2024-05-02T15:47:10.000Z,2024-10-16T15:00:44.813Z,0.88
MLA1822084662,Onn Stick Full Hd Google Tv Streaming Control Remoto 2023,52800,52800,,34,buy_it_now,gold_special,new,True,me2,False,True,xd_drop_off,False,San Cristóbal,Capital Federal,Argentina,active,Garantía del vendedor: 6 meses,2024-06-24T22:17:32.466Z,2024-10-16T11:36:41.218Z,0.8
MLA1866340576,Onn Google Tv Full Hd Streaming 8gb 1.5gb Ram Control Remoto,52840,52840,,46,buy_it_now,gold_special,new,True,me2,True,True,xd_drop_off,False,Berazategui,Buenos Aires,Argentina,active,Garantía del vendedor: 30 días,2024-07-30T16:52:05.282Z,2024-10-16T14:40:03.740Z,0.9
MLA1361515563,Parlante Inteligente Google Home Mini Smart Speaker Spotify,58990,58990,,5,buy_it_now,gold_pro,used,True,me2,False,False,cross_docking,False,Paternal,Capital Federal,Argentina,active,Garantía del vendedor: 3 meses,2023-03-06T16:20:22.000Z,2024-09-25T15:41:23.389Z,0.88
MLA1110377590,Soporte De Pared Google Mini Home / Nest Mini 2da Generacion,10900,10900,,38975,buy_it_now,gold_special,new,True,me2,True,False,xd_drop_off,False,Munro,Buenos Aires,Argentina,active,Garantía de fábrica: 30 días,2021-10-29T17:34:14.000Z,2024-10-09T13:38:27.925Z,0.77
MLA1446598647,Apple Tv A1469 Estándar 3.ª Generación A Full Hd 8gb Negro,50000,50000,,1,buy_it_now,gold_special,used,True,me2,False,False,xd_drop_off,False,CAP,Capital Federal,Argentina,active,Sin garantía,2024-08-29T01:55:08.922Z,2024-10-09T11:31:41.761Z,0.62
MLA1433341903,Convertidor Smart Xiaomi Mi Tv Box S 2nd Cont Voz 4k 8gb 2gb,125000,125000,,219,buy_it_now,gold_special,new,True,me2,True,True,xd_drop_off,False,Lanús,Buenos Aires,Argentina,active,Sin garantía,2024-06-18T00:45:04.258Z,2024-10-16T13:43:44.991Z,0.8
MLA1913465244,Google Chromecast 4 Gen Con Google Tv Hd Blanco Sin Fuente,94889,94889,,77,buy_it_now,gold_special,new,True,me2,False,True,xd_drop_off,False,San Nicolás,Capital Federal,Argentina,active,Garantía del vendedor: 12 meses,2024-09-19T13:15:28.193Z,2024-10-16T14:25:29.295Z,0.9
MLA1924987444,Apple Tv 4k 32gb,230000,230000,,1,buy_it_now,gold_special,used,True,me2,False,False,drop_off,False,Florencio Varela,Buenos Aires,Argentina,active,Sin garantía,2024-10-02T09:02:21.193Z,2024-10-12T13:36:39.480Z,0.62
MLA1916062622,Amazon Tv Stick Lite 3ra Gen Streaming Full Hd,93370.0,93370.0,,999,buy_it_now,gold_special,new,True,me2,True,True,cross_docking,False,Ramos Mejía,Buenos Aires,Argentina,active,Garantía de fábrica: 6 meses,2024-09-23T20:58:30.901Z,2024-10-12T21:00:49.443Z,0.81
MLA1889913124,Tv Box Noga Pc Ultra 2 Estándar 8gb Negro Con 1gb Ram,89990.0,89990.0,,19,buy_it_now,gold_pro,new,True,me2,True,True,cross_docking,False,Caballito,Capital Federal,Argentina,active,Garantía del vendedor: 30 días,2024-08-21T20:07:48.848Z,2024-10-15T23:21:20.254Z,
MLA1428080643,Apple Tv 3ra Generación,120000,120000,,1,buy_it_now,gold_special,used,True,me2,False,False,xd_drop_off,False,Ituzaingó,Buenos Aires,Argentina,active,Sin garantía,2024-05-23T17:21:54.920Z,2024-09-02T15:46:56.152Z,0.62
MLA1824975890,Tv Box Convertidor Smart 4k Netflix Youtube Android Mini Pc,64933.0,64933.0,,76,buy_it_now,gold_pro,new,True,me2,True,True,cross_docking,False,Monte Castro,Capital Federal,Argentina,active,Garantía de fábrica: 6 meses,2024-06-26T14:16:55.838Z,2024-10-16T13:59:34.990Z,
MLA1388825087,Chromecast Google Tv Hd 8gb /2gb Wifi Bluetooth Hdmi 4ta Gen,94899,94899,,95,buy_it_now,gold_special,new,True,me2,False,True,drop_off,False,San Nicolás,Capital Federal,Argentina,active,Garantía del vendedor: 12 meses,2023-09-19T15:36:47.000Z,2024-10-16T14:05:37.955Z,0.81
MLA1867521508,Apple Tv A1469 3ra Generación,58000,58000,,1,buy_it_now,gold_special,used,True,me2,False,False,xd_drop_off,False,Olivos,Buenos Aires,Argentina,active,Sin garantía,2024-08-01T01:00:35.527Z,2024-10-09T16:41:15.895Z,0.62
MLA1437415599,Tv Z8 8k Pro 4gb Ram 32gb Almacenamiento.,91900,91900,,239,buy_it_now,gold_special,new,True,me2,False,True,xd_drop_off,False,Ezeiza,Buenos Aires,Argentina,active,Garantía de fábrica: 3 meses,2024-07-12T18:33:12.823Z,2024-10-16T14:12:27.858Z,0.81
MLA1403888993,Amazon Fire Tv Stick 4k 8gb / 1.5gb Control Remoto Outlet,82900,82900,,27,buy_it_now,gold_special,new,True,me2,False,True,xd_drop_off,False,Flores,Capital Federal,Argentina,active,Garantía del vendedor: 3 meses,2024-01-23T21:11:18.000Z,2024-10-03T23:25:57.735Z,0.81
MLA1932863764,Dispositivo Adaptador Tv Box Transforma Tu Televisor En Smart Tv Android,58990,58990,,128,buy_it_now,gold_special,new,True,me2,False,True,xd_drop_off,False,Villa Luro,Capital Federal,Argentina,active,Garantía de fábrica: 3 años,2024-10-10T21:20:07.740Z,2024-10-16T14:56:56.319Z,
MLA1669104294,Google Chromecast Ultra 4k Negro (bulk) ,72369.2,72369.2,,105,buy_it_now,gold_special,new,True,me2,False,True,fulfillment,False,CABA,Capital Federal,Argentina,active,Garantía del vendedor: 3 meses,2024-02-14T19:20:04.000Z,2024-10-16T10:13:41.970Z,0.77
MLA1733685934,Chromecast Google Ga03131 Tv Hd 8gb 2gb Ram 60 Fps Wifi Bluetooth Hdmi 4ta Gen Blanco,123387,123387,,769,buy_it_now,gold_pro,new,True,me2,True,True,drop_off,False,Paraná,Entre Ríos,Argentina,active,Garantía de fábrica: 6 meses,2024-04-08T21:27:59.000Z,2024-10-16T14:56:21.154Z,
MLA915561586,Google Home Mini Con Asistente Virtual Google Assistant Charcoal 110v/220v,75990,75990,,563,buy_it_now,gold_special,new,True,me2,False,True,fulfillment,False,Paternal,Capital Federal,Argentina,active,Garantía del vendedor: 6 meses,2021-04-10T12:42:44.000Z,2024-10-16T12:13:21.114Z,
MLA1448374935,Smart Tv Onn Full Hd Streaming Google Tv Netflix Disney+,69999,69999,,186,buy_it_now,gold_special,new,True,me2,False,True,cross_docking,False,San Nicolás,Capital Federal,Argentina,active,Garantía del vendedor: 6 meses,2024-09-06T17:45:29.664Z,2024-10-16T13:35:24.891Z,0.9
MLA1892733826,Google Home Mini Con Asistente Virtual Chalk 110v/220v,60000,60000,,1,buy_it_now,gold_special,used,True,me2,False,False,xd_drop_off,False,Boedo,Capital Federal,Argentina,active,Garantía del vendedor: 30 días,2024-08-25T15:21:57.106Z,2024-08-25T15:23:46.039Z,0.75
MLA1732679658, Apple Tv 4k (wifi) A2737 3.ª Generación 2022 4k 64gb Color Negro Tipo De Control Remoto Control De Voz,545000,545000,,2,buy_it_now,gold_special,new,True,me2,True,True,xd_drop_off,False,Palermo,Capital Federal,Argentina,active,Garantía del vendedor: 6 meses,2024-04-08T04:08:16.000Z,2024-10-11T15:58:00.819Z,
MLA1869562272,Amazon Fire Tv Stick 4k Ultra Hd Hdr Wifi 6 Version 2023,94600,94600,,45,buy_it_now,gold_special,new,True,me2,True,True,xd_drop_off,False,CHACARITA,Capital Federal,Argentina,active,Garantía del vendedor: 3 meses,2024-08-02T15:13:58.513Z,2024-10-16T12:10:08.772Z,0.9
MLA1848541380,Xiaomi Mi Tv Box S 2nd Control De Voz 4k 8gb Con 2gb De Memoria Ram,167097,167097,,11,buy_it_now,gold_pro,new,True,me2,True,True,xd_drop_off,False,Lomas de Zamora,Buenos Aires,Argentina,active,Garantía del vendedor: 1 meses,2024-07-17T14:39:11.800Z,2024-10-16T00:48:33.550Z,
MLA1436000073,Amazon Fire Tv Stick 4k Max Ultra Hd Hdr Wifi 6 Version 2023,104299,104299,,42,buy_it_now,gold_special,new,True,me2,True,True,xd_drop_off,False,CHACARITA,Capital Federal,Argentina,active,Garantía del vendedor: 6 meses,2024-07-04T21:40:02.667Z,2024-10-16T05:51:10.160Z,0.9
MLA1448891827,Google Home Mini Asistente Virtual Google Assistant Outlet,54990,54990,,2,buy_it_now,gold_special,new,True,me2,False,True,xd_drop_off,False,Flores,Capital Federal,Argentina,active,Garantía del vendedor: 3 meses,2024-09-09T15:46:00.477Z,2024-10-01T14:23:26.334Z,0.8
MLA1437520249,Google Home Mini Con Asistente Virtual Color Negro,159999,159999,,1,buy_it_now,gold_special,used,True,me2,False,False,xd_drop_off,False,Villa Pueyrredón,Capital Federal,Argentina,active,Sin garantía,2024-07-13T15:06:13.918Z,2024-10-09T08:17:53.917Z,0.62
MLA1765986736,Roku Express 3960rw Estándar Full Hd Negro,63999,63999,,2768,buy_it_now,gold_pro,new,True,me2,True,True,cross_docking,False,Parque Chas,Capital Federal,Argentina,active,Garantía del vendedor: 6 meses,2024-05-08T20:48:54.000Z,2024-10-16T14:33:57.780Z,1
MLA1677887932,Apple Tv 3era Generación. Full Hd. Con Control Remoto Y Hdmi,55000,55000,,1,buy_it_now,gold_special,used,True,me2,False,False,xd_drop_off,False,Monte Castro,Capital Federal,Argentina,active,Sin garantía,2024-02-22T05:13:06.000Z,2024-09-04T05:42:02.484Z,0.62
MLA1133058175,Apple Tv Modelo A1469,65000,65000,,1,buy_it_now,gold_special,used,True,me2,False,True,xd_drop_off,False,villa Mitre,Capital Federal,Argentina,active,Sin garantía,2022-04-20T17:36:19.000Z,2024-10-09T04:10:11.033Z,0.75
MLA1618186704, Apple Tv 4k (wifi + Ethernet) A2843 De Voz 3.ª Generación 2022 4k 128gb Negro - Distribuidor Autorizado,468999,468999,,46,buy_it_now,gold_special,new,True,me2,False,True,cross_docking,False,Piñeyro,Buenos Aires,Argentina,active,Garantía de fábrica: 1 años,2024-01-03T12:33:34.000Z,2024-10-16T14:54:49.711Z,
MLA1391355057,Amazon Fire Tv Stick 4k 2da Gen Control De Voz,95999,95999,,11,buy_it_now,gold_special,new,True,me2,False,True,cross_docking,False,Barracas,Capital Federal,Argentina,active,Garantía de fábrica: 6 meses,2023-10-05T20:08:04.000Z,2024-10-08T15:07:55.226Z,0.9
MLA1408440613, Apple Tv A1427  Full Hd 8gb  Permuto iPhone,70000,70000,,1,buy_it_now,gold_special,used,True,me2,False,False,drop_off,False,Monserrat,Capital Federal,Argentina,active,Sin garantía,2024-02-12T10:25:36.000Z,2024-09-14T18:29:30.388Z,0.62
MLA1816353044,Onn Full Hd Streaming Google Tv 2023 8gb 1.5 Gb Ram,52800,52800,,76,buy_it_now,gold_special,new,True,me2,True,True,cross_docking,False,San Cristóbal,Capital Federal,Argentina,active,Garantía del vendedor: 6 meses,2024-06-19T19:43:07.055Z,2024-10-16T14:02:58.257Z,0.9
MLA1813200714,Amazon Fire Tv Stick 4k 3° Generación 4k 8gb N 1.5gb Ram,84450,84450,,6,buy_it_now,gold_special,new,True,me2,False,True,fulfillment,False,SAN NICOLAS,Capital Federal,Argentina,active,Sin garantía,2024-06-17T15:02:39.277Z,2024-10-07T22:16:05.063Z,0.88
MLA1445274845,Xiaomi Mi Tv Stick 4k 2 Gb De Ram Canales Y Aplicaciones Transmitidos,135616,135616,,20,buy_it_now,gold_pro,new,True,me2,True,True,cross_docking,False,Ramos Mejia,Buenos Aires,Argentina,active,Garantía de fábrica: 6 meses,2024-08-23T17:04:03.680Z,2024-10-16T12:58:13.075Z,
MLA1431067779,Tv Box Convertidor Smart 4k Netflix Youtube Android Mini Pc,75990.0,75990.0,,82,buy_it_now,gold_special,new,True,me2,True,True,cross_docking,False,Caballito,Capital Federal,Argentina,active,Garantía del vendedor: 30 días,2024-06-06T13:08:25.388Z,2024-10-14T12:46:50.430Z,0.9
MLA916372672,Google Home Hub Pantalla 7 Nest 2da Gen Asistente Virtual ,368000,368000,,41,buy_it_now,gold_special,new,True,me2,False,True,cross_docking,False,Villa Crespo,Capital Federal,Argentina,active,Garantía de fábrica: 3 meses,2021-04-15T16:51:21.000Z,2024-10-02T07:51:35.597Z,0.88
MLA1913825834,Apple Tv A1378 - Con Control Remoto Y Cables (220v Y Hdmi),30000,30000,,1,buy_it_now,free,used,True,me2,False,False,xd_drop_off,False,Flores,Capital Federal,Argentina,active,Sin garantía,2024-09-20T00:16:41.559Z,2024-10-03T06:11:51.578Z,0.5
MLA1452835467,Amazon Fire Tv Stick De Voz 3gen Full Hd 8gb Negro Con 1gb De Ram,83464,83464,,20,buy_it_now,gold_pro,new,True,me2,False,True,cross_docking,False,Congreso,Capital Federal,Argentina,active,Garantía del vendedor: 30 días,2024-09-30T18:53:05.630Z,2024-10-15T02:56:11.590Z,
MLA1617508936,Chromecast 2 Full Hd Wifi Transmisión De Vídeo Netflix En Color Negro,119999,119999,,1004,buy_it_now,gold_pro,new,True,me2,False,True,cross_docking,False,Paternal,Capital Federal,Argentina,active,Garantía del vendedor: 3 meses,2024-01-02T17:42:58.627Z,2024-10-16T14:02:18.310Z,
MLA1871087144,Google Chromecast 3 Chromecast 3 3.ª Generación Full Hd,69900,69900,,235,buy_it_now,gold_special,new,True,me2,False,True,drop_off,False,General Belgrano,Buenos Aires,Argentina,active,Garantía de fábrica: 12 meses,2024-08-03T22:56:31.982Z,2024-10-16T14:55:06.227Z,
MLA1734273288,Convertidor Smart Tv X View Droid Box Pro 4k 2gb Ram Color Negro,79000,79000,,50,buy_it_now,gold_special,new,True,me2,True,True,xd_drop_off,False,Rosario,Santa Fe,Argentina,active,Garantía de fábrica: 6 meses,2024-04-09T11:52:32.000Z,2024-10-15T22:05:25.971Z,
MLA1452960541,Xiaomi Mi Tv Stick Full Hd 8gb Con Control Color Negro,82499,82499,,92,buy_it_now,gold_special,new,True,me2,False,True,fulfillment,False,Córdoba,Córdoba,Argentina,active,Garantía del vendedor: 6 meses,2024-10-01T13:45:51.243Z,2024-10-16T10:59:44.464Z,0.88
MLA1781884668, Apple Tv A1427 2.ª Generación ,37081.98,37081.98,,1,buy_it_now,gold_special,used,True,me2,True,False,xd_drop_off,False,Villa Martelli,Buenos Aires,Argentina,active,Sin garantía,2024-05-22T12:44:52.000Z,2024-09-02T15:20:30.017Z,0.55
MLA1432597373,Usado Google Home Mini Google Assistant Coral 110v/220v,60990,60990,,999,buy_it_now,gold_pro,used,True,me2,False,False,cross_docking,False,Paternal,Capital Federal,Argentina,active,Garantía del vendedor: 3 meses,2024-06-13T14:05:47.462Z,2024-09-25T16:16:58.454Z,0.77
MLA1928125454,Google Home Con Asistente Virtual White Y Slate 110v/220v,154990,154990,,1,buy_it_now,gold_special,used,True,me2,True,True,xd_drop_off,False,Flores,Capital Federal,Argentina,active,Sin garantía,2024-10-05T04:29:04.895Z,2024-10-05T04:29:40.672Z,0.66
MLA1436988387,Xiaomi Stick 4k Mdz-27-aa De Voz 4k 8gb Negro Con 2gb,105999,105999,,393,buy_it_now,gold_special,new,True,me2,False,True,fulfillment,False,Córdoba,Córdoba,Argentina,active,Garantía del vendedor: 6 meses,2024-07-10T14:05:11.658Z,2024-10-16T11:38:19.421Z,0.88
MLA1445237129,Mi Tv Stick Xiaomi 4k Mdz-27-eu Color Negro,141749,141749,,26,buy_it_now,gold_pro,new,True,me2,True,True,cross_docking,False,Ramos Mejia,Buenos Aires,Argentina,active,Garantía de fábrica: 90 días,2024-08-23T17:26:10.899Z,2024-10-16T12:58:17.097Z,
MLA1426589595,Roku Express 3960mx Streaming Tv Hd 512mb Con Control Remoto,80999,80999,,693,buy_it_now,gold_pro,new,True,me2,False,True,fulfillment,False,Villa Urquiza,Capital Federal,Argentina,active,Garantía del vendedor: 6 meses,2024-05-14T19:57:27.000Z,2024-10-16T13:54:16.772Z,1
MLA1425717123,Roku Express 3960rw Estándar Full Hd Negro,63999,63999,,2833,buy_it_now,gold_pro,new,True,me2,True,True,cross_docking,False,Parque Chas,Capital Federal,Argentina,active,Garantía del vendedor: 6 meses,2024-05-09T18:12:37.000Z,2024-10-16T14:54:10.440Z,1
MLA1893734162,Smart Tv Box Conversor Android Wifi 4k Noga Pc Ultra Pcreg,74999,74999,,132,buy_it_now,gold_special,new,True,me2,False,True,cross_docking,False,Almagro,Capital Federal,Argentina,active,Garantía de fábrica: 12 meses,2024-08-26T19:36:09.705Z,2024-10-16T13:46:18.310Z,0.81
MLA1398845395,Google Home Mini Con Asistente Virtual Chalk 110v/220v Ref,55990,55990,,999,buy_it_now,gold_special,new,True,me2,False,True,cross_docking,False,Paternal,Capital Federal,Argentina,active,Garantía del vendedor: 3 meses,2023-12-12T20:12:54.000Z,2024-09-29T03:38:07.843Z,0.8
MLA1444314171,Apple Tv 4k (wifi + Ethernet) De Voz 3.ª Gener 4k  Negro,432000,432000,,1,buy_it_now,gold_special,new,True,me2,True,True,xd_drop_off,False,Los Polvorines,Buenos Aires,Argentina,active,Garantía de fábrica: 12 meses,2024-08-19T02:25:12.169Z,2024-09-02T15:20:55.818Z,0.88
MLA1597677282,Parlante Google Home Mini Asistente Virtual Wifi Refabricado,89990,89990,,999,buy_it_now,gold_pro,new,True,me2,False,True,cross_docking,False,Paternal,Capital Federal,Argentina,active,Garantía del vendedor: 3 meses,2023-12-13T16:12:34.000Z,2024-10-11T03:34:28.350Z,0.9
MLA1398793543,Google Home Mini Con Asistente Virtual Google Assistant Ref,69990,69990,,999,buy_it_now,gold_special,new,True,me2,False,True,cross_docking,False,Paternal,Capital Federal,Argentina,active,Garantía del vendedor: 3 meses,2023-12-12T20:12:50.000Z,2024-10-16T03:08:03.127Z,0.8
MLA1931246390,Apple Tv 4k (wi-fi + Ethernet) 4k 128gb Entrego En Córdoba,370000,370000,,1,buy_it_now,gold_special,used,True,me2,False,False,drop_off,False,Córdoba,Córdoba,Argentina,active,Garantía del vendedor: 6 meses,2024-10-09T14:48:56.535Z,2024-10-15T12:13:26.200Z,0.62
MLA1440621335,Amazon Fire Tv Stick 4k Ultra Hd Hdr Wifi 6 Version 2023,117999,117999,,17,buy_it_now,gold_pro,new,True,me2,True,True,xd_drop_off,False,CHACARITA,Capital Federal,Argentina,active,Garantía del vendedor: 3 meses,2024-08-02T15:18:37.679Z,2024-10-15T13:12:55.061Z,1
MLA1447414004,Amazon Fire Tv Stick 4k 8gb 1.5gb Ram Streaming Control Voz,78800,78800,,21,buy_it_now,gold_special,new,True,me2,True,True,xd_drop_off,False,San Cristobal,Capital Federal,Argentina,active,Garantía del vendedor: 6 meses,2023-07-11T18:35:07.000Z,2024-10-14T15:54:23.741Z,0.9
MLA1376571411,Amazon Fire Tv Stick Lite 2ª Generación Full Hd 1gb Ram Color Negro,84899,84899,,26,buy_it_now,gold_pro,new,True,me2,True,True,xd_drop_off,False,CHACARITA,Capital Federal,Argentina,active,Garantía del vendedor: 3 meses,2023-07-10T21:59:03.000Z,2024-10-16T14:27:23.361Z,
MLA1930441108,Google Home Max Asistente Virtual Google Assistant Charcoal,590000,590000,,1,buy_it_now,gold_special,used,True,me2,False,False,xd_drop_off,False,Villa Santa Rita,Capital Federal,Argentina,active,Sin garantía,2024-10-08T15:28:35.093Z,2024-10-10T05:37:06.801Z,0.62
MLA1453518479,"Tv Box, Android 13.1, 4k Ultra Hd, 8 Ram 256 Rom",75000,75000,,13,buy_it_now,gold_special,new,True,me2,False,True,xd_drop_off,False,Glew,Buenos Aires,Argentina,active,Garantía de fábrica: 30 días,2024-10-03T22:28:56.152Z,2024-10-16T14:34:38.436Z,0.81
MLA1930440916,Google Home Max Asistente Virtual Google Assistant Charcoal,720000,720000,,1,buy_it_now,gold_pro,used,True,me2,False,False,xd_drop_off,False,Villa Santa Rita,Capital Federal,Argentina,active,Sin garantía,2024-10-08T15:21:11.794Z,2024-10-10T05:37:06.042Z,0.75
MLA1835368668,Amazon Fire Tv Stick 4k Ultra Hd Max 16gb 2nda Generación Wi-fi 6e Color Negro Tipo De Control Remoto Estándar,125199,125199,,104,buy_it_now,gold_pro,new,True,me2,True,True,xd_drop_off,False,CHACARITA,Capital Federal,Argentina,active,Garantía del vendedor: 6 meses,2024-07-05T11:58:45.065Z,2024-10-16T14:50:46.338Z,
MLA1597677284,Parlante Google Home Mini Google Assistant Wifi Refabricado,79990,79990,,999,buy_it_now,gold_pro,new,True,me2,False,True,cross_docking,False,Paternal,Capital Federal,Argentina,active,Garantía del vendedor: 3 meses,2023-12-13T16:12:38.000Z,2024-09-29T03:14:37.809Z,0.9
MLA1877356464,Apple Tv 2 3.ª Gen. Full Hd 1gb Ram 8gb.,45000,45000,,1,buy_it_now,gold_pro,used,True,me2,True,False,xd_drop_off,False,Barrio norte,Capital Federal,Argentina,active,Sin garantía,2024-08-08T21:50:31.328Z,2024-10-10T13:25:03.742Z,0.66
MLA1454766461,Parlante Asistente De Voz Google Nest Mini/2da Gen/bt/gris,85000,85000,,1,buy_it_now,gold_special,used,True,me2,False,False,xd_drop_off,False,San Fernando,Buenos Aires,Argentina,active,Sin garantía,2024-10-11T20:00:39.467Z,2024-10-11T20:00:42.132Z,0.62
MLA1899194696,Apple Tv 2a Generación Full Hd,60000,60000,,1,buy_it_now,free,used,True,me2,True,True,xd_drop_off,False,Capital Federal - Belgrano,Capital Federal,Argentina,active,Sin garantía,2024-09-02T00:57:52.927Z,2024-09-07T12:49:12.205Z,0.62
MLA1447484205,Smarter Kanji Convertidor De Led A Smart Tv 4k Kj-smart4kplu,92679.0,92679.0,,141,buy_it_now,gold_special,new,True,me2,False,True,cross_docking,False,Villa Urquiza,Capital Federal,Argentina,active,Garantía de fábrica: 6 meses,2024-09-02T18:18:38.356Z,2024-10-16T03:20:23.389Z,0.9
MLA1925114644,Apple Tv Hd A1625 4ta Gen 32gb,150000,150000,,1,buy_it_now,gold_special,used,True,me2,False,False,drop_off,False,Florencio Varela,Buenos Aires,Argentina,active,Sin garantía,2024-10-02T13:01:28.439Z,2024-10-12T20:05:32.701Z,0.62
MLA1384134643,Google Home Mini Versión Bulk/ Sin Caja/ Cargador Original!,85995,85995,,45,buy_it_now,gold_special,new,True,me2,False,True,xd_drop_off,False,Martin Coronado,Buenos Aires,Argentina,active,Garantía del vendedor: 30 días,2023-08-21T14:52:21.000Z,2024-10-16T14:54:55.327Z,0.7
MLA1373073449,Amazon Fire Tv Stick Lite 2022 Full Hd 8gb Streaming ,84399,84399,,124,buy_it_now,gold_pro,new,True,me2,True,True,cross_docking,False,San Cristóbal,Capital Federal,Argentina,active,Garantía del vendedor: 6 meses,2023-06-12T19:45:05.000Z,2024-10-16T01:17:04.354Z,1
MLA1913427140,Apple Tv A1427  3.a Generación Full Hd 8gb Negro,80000,80000,,1,buy_it_now,gold_special,used,True,me2,False,False,xd_drop_off,False,Villa del Parque,Capital Federal,Argentina,active,Sin garantía,2024-09-19T13:25:42.648Z,2024-10-08T23:55:00.382Z,0.62
MLA1932716042,Amazon Fire Tv Stick 3ra Hd Alexa Voice Remote Original,94999,94999,,10,buy_it_now,gold_pro,new,True,me2,False,True,drop_off,False,Ciudad Evita,Buenos Aires,Argentina,active,Sin garantía,2024-10-10T22:43:30.374Z,2024-10-16T05:42:40.633Z,
MLA1440239591,Fire Tv Stick Convertidor Amazon Smart Netflix Streaming Hd,127839,127839,,7,buy_it_now,gold_special,new,True,me2,True,True,xd_drop_off,False,Balvanera,Capital Federal,Argentina,active,Garantía del vendedor: 30 días,2024-07-31T14:36:07.000Z,2024-10-14T12:16:03.698Z,0.81
MLA1912349196,"Control Remoto Por Voz Amazon Fire Tv Stick Lite De 8 Gbde Voice Full Hd, 1 Gb De Memoria Ram, Color Negro",69999,69999,,10,buy_it_now,gold_special,new,True,me2,True,True,drop_off,False,Villa Nueva,Córdoba,Argentina,active,Garantía del vendedor: 1 meses,2024-09-18T03:28:37.766Z,2024-10-13T23:07:09.015Z,
MLA1905654296,Apple Tv 3a Gen A1469 32gb 8gb Ram Full Hd Hdmi,54000,54000,,1,buy_it_now,free,used,True,me2,False,False,xd_drop_off,False,Martínez,Buenos Aires,Argentina,active,Sin garantía,2024-09-09T18:42:01.051Z,2024-09-25T14:21:04.039Z,0.62
MLA1372865557,Amazon Fire Tv Stick Lite 2022 Full Hd 8gb Streaming ,84399,84399,,90,buy_it_now,gold_pro,new,True,me2,True,True,cross_docking,False,San Cristóbal,Capital Federal,Argentina,active,Garantía del vendedor: 6 meses,2023-06-09T18:48:46.000Z,2024-10-16T14:36:22.642Z,1
MLA1102146000,Amazon Fire Tv Stick De Voz 2.ª Generación Full Hd 8gb Negro Con 1gb De Memoria Ram,75999,75999,,15,buy_it_now,gold_special,new,True,me2,True,True,xd_drop_off,False,Vicente López,Buenos Aires,Argentina,active,Sin garantía,2021-09-07T21:24:56.000Z,2024-10-13T03:47:26.116Z,
MLA1820484428,Google Home Mini Con Asistente Virtual Charcoal 110v/220v,89999,89999,,1,buy_it_now,gold_special,used,True,me2,False,False,xd_drop_off,False,Capital federal,Capital Federal,Argentina,active,Sin garantía,2024-06-23T18:50:26.701Z,2024-10-09T07:07:14.128Z,0.62
MLA1399520644,Apple Tv 4k 32gb A1842 Negro (usado),400000,400000,,1,buy_it_now,gold_special,used,True,me2,False,False,xd_drop_off,False,Núñez,Capital Federal,Argentina,active,Sin garantía,2023-04-18T19:13:13.000Z,2024-10-09T10:26:11.454Z,0.62
MLA1398755255,Google Home Mini Google Assistant Chalk 110v/220v Ref,55990,55990,,999,buy_it_now,gold_special,new,True,me2,False,True,cross_docking,False,Paternal,Capital Federal,Argentina,active,Garantía del vendedor: 3 meses,2023-12-12T20:12:52.000Z,2024-09-29T03:01:30.389Z,0.8
MLA1341285993,Amazon Fire Tv Stick Hd 8gb Hdr Dolby 1080p Imp Control Voz,86799,86799,,34,buy_it_now,gold_pro,new,True,me2,True,True,xd_drop_off,False,CHACARITA,Capital Federal,Argentina,active,Garantía del vendedor: 3 meses,2023-02-09T19:53:47.000Z,2024-10-16T14:07:08.445Z,1
MLA1402038222,Convertidor Roku Premiere 4k Hdr Streaming + Control Remoto Color Blanco Tipo De Control Remoto Estándar,62000,62000,,425,buy_it_now,gold_special,new,True,me2,True,True,cross_docking,False,San Cristóbal,Capital Federal,Argentina,active,Garantía del vendedor: 6 meses,2023-04-21T18:17:33.000Z,2024-10-16T12:23:43.845Z,
MLA1113758168,"Google Nest Hub 2nd Gen Con Asistente Virtual Google Assistant, Pantalla Integrada De 7  Charcoal 110v/220v",379990,379990,,139,buy_it_now,gold_special,new,True,me2,False,True,fulfillment,False,Paternal,Capital Federal,Argentina,active,Garantía del vendedor: 6 meses,2021-11-25T16:46:13.000Z,2024-10-16T03:20:30.728Z,
MLA1935957230,Amazon Fire Tv Stick 4k Max 16 Gb Wifi 6 Ultra Rápido Color Negro,137900,137900,,3,buy_it_now,gold_pro,new,True,me2,True,True,xd_drop_off,False,Olivos,Buenos Aires,Argentina,active,Garantía del vendedor: 6 meses,2024-10-15T21:33:36.432Z,2024-10-16T12:47:38.008Z,
MLA1438269735,Roku Express 4k Streaming Tv Uhd Hdr Con Control Remoto 3940 1gb De Memoria Ram Negro,119999,119999,,308,buy_it_now,gold_pro,new,True,me2,True,True,cross_docking,False,Parque Patricios,Capital Federal,Argentina,active,Garantía de fábrica: 12 meses,2024-07-18T15:00:56.987Z,2024-10-16T13:57:43.593Z,
MLA1454231967,Apple Tv A1625 Muy Buen Estado,249000,249000,,1,buy_it_now,gold_special,used,True,me2,False,False,drop_off,False,BUENOS AIRES,Capital Federal,Argentina,active,Sin garantía,2024-10-08T00:08:05.798Z,2024-10-09T15:21:25.531Z,0.62
MLA1438371634,Amazon Fire Tv Stick De Voz 3ra Gen Full Hd 8gb Negro Con 1gb De Ram,86799,86799,,73,buy_it_now,gold_pro,new,True,me2,True,True,xd_drop_off,False,San Cristobal,Capital Federal,Argentina,active,Garantía del vendedor: 6 meses,2023-06-26T16:29:01.000Z,2024-10-12T15:23:12.253Z,
MLA1414122791, Apple Tv A1427 Negro - 1080p Full Hd,180000,180000,,1,buy_it_now,gold_pro,used,True,me2,False,False,xd_drop_off,False,General Pacheco,Buenos Aires,Argentina,active,Sin garantía,2024-03-12T15:35:38.000Z,2024-10-10T11:51:39.956Z,0.75
MLA1452498123,Google Home Mini Asistente Virtual Coral 110/220 Refabricado,64990,64990,,1,buy_it_now,gold_special,new,True,me2,False,True,cross_docking,False,Paternal,Capital Federal,Argentina,active,Garantía del vendedor: 3 meses,2024-09-27T16:38:08.213Z,2024-09-27T16:56:41.278Z,0.77
MLA1403353954,Amazon Fire Tv Stick 4k 8gb Negro Con 1.5gb De Memoria Ram,78800,78800,,49,buy_it_now,gold_special,new,True,me2,True,True,xd_drop_off,False,San Cristobal,Capital Federal,Argentina,active,Garantía del vendedor: 6 meses,2023-04-24T14:17:46.000Z,2024-10-15T00:28:19.044Z,0.9
MLA1443682603,Apple Tv 2ª Generaciónhd 8gb Negro Con 256mb De Memoria Ram,60000,60000,,2,buy_it_now,gold_special,used,True,me2,False,False,xd_drop_off,False,Villa Luro,Capital Federal,Argentina,active,Sin garantía,2024-08-15T22:33:28.020Z,2024-10-10T03:45:05.137Z,0.62
MLA1932593850,Control De Voz Xiaomi Mi Tv Stick Full Hd De 8 Gb Y 1 Gb De Ram,107099,107099,,8,buy_it_now,gold_pro,new,True,me2,True,True,cross_docking,False,Recoleta,Capital Federal,Argentina,active,Garantía del vendedor: 6 meses,2024-10-10T18:24:40.463Z,2024-10-15T19:36:49.718Z,
MLA1452431101,Tv Box Android Streaming 4k 8gb Ram 128gb Rom Wifi Usb Hdmi Color Negro,65000,65000,,36,buy_it_now,gold_special,new,True,me2,False,True,drop_off,False,Posadas,Misiones,Argentina,active,Garantía del vendedor: 6 meses,2024-09-27T20:10:07.253Z,2024-10-16T11:04:51.112Z,
MLA1751007286,Amazon Fire Tv Stick 4k Streaming 2° Gen Con Alexa ,103900,103900,,22,buy_it_now,gold_special,new,True,me2,False,True,fulfillment,False,Bernal,Buenos Aires,Argentina,active,Garantía del vendedor: 30 días,2024-04-24T20:29:53.000Z,2024-10-14T14:13:25.241Z,0.88
MLA1447094689,Amazon Fire Tv Stick 4k 2023 Wifi 6 2gb De Ram Con Alexa Color Negro,117990,117990,,12,buy_it_now,gold_pro,new,True,me2,True,True,xd_drop_off,False,Recoleta,Capital Federal,Argentina,active,Garantía del vendedor: 30 días,2024-08-31T19:15:58.508Z,2024-10-16T08:08:30.763Z,
MLA1341348681,Amazon Fire Tv Stick Hd 8gb Hdr Dolby 1080p Control Voz Imp,72199,72199,,58,buy_it_now,gold_special,new,True,me2,True,True,xd_drop_off,False,CHACARITA,Capital Federal,Argentina,active,Garantía del vendedor: 3 meses,2023-02-09T19:38:57.000Z,2024-10-15T14:51:55.931Z,0.9
MLA1393687066,Chromecast Google Ga03131 Tv Hd 8gb 2gb Ram 60 Fps Wifi Bluetooth Hdmi 4ta Gen Blanco,134999,134999,,1897,buy_it_now,gold_pro,new,True,me2,False,True,xd_drop_off,False,Palermo,Capital Federal,Argentina,active,Garantía del vendedor: 6 meses,2023-04-12T13:10:55.000Z,2024-10-16T14:35:18.280Z,
MLA1275869904,Amazon Fire Tv Stick Lite De Voz Full Hd 8gb + Fuente 220v!,72490,72490,,168,buy_it_now,gold_special,new,True,me2,True,True,xd_drop_off,False,Temperley,Buenos Aires,Argentina,active,Garantía de fábrica: 6 meses,2022-12-07T17:59:26.000Z,2024-10-08T21:24:57.066Z,0.9
MLA876770571,Xiaomi Mi Tv Stick Full Hd 8gb Con Control Color Negro,113000,113000,,129,buy_it_now,gold_pro,new,True,me2,False,True,xd_drop_off,False,Monserrat,Capital Federal,Argentina,active,Garantía del vendedor: 6 meses,2020-09-04T15:34:49.000Z,2024-10-16T14:14:11.795Z,
MLA1787834792,Amazon Fire Tv Stick Lite- De Voz 2.ª Generación Full Hd ,76990,76990,,12,buy_it_now,gold_special,new,True,me2,False,True,xd_drop_off,False,Córdoba,Córdoba,Argentina,active,Garantía del vendedor: 1 meses,2024-05-27T18:17:27.444Z,2024-10-03T06:50:00.176Z,0.8
MLA1398832615,Google Home Mini Con Asistente Virtual Bluetooth Ref,89990,89990,,999,buy_it_now,gold_pro,new,True,me2,False,True,cross_docking,False,Paternal,Capital Federal,Argentina,active,Garantía del vendedor: 3 meses,2023-12-12T20:15:46.000Z,2024-09-29T03:37:19.135Z,0.9
MLA1512658554,Pendoo X10 Plus Smart 32gb 4gb,130000,130000,,12,buy_it_now,gold_special,new,True,me2,True,True,xd_drop_off,False,San Isidro,Buenos Aires,Argentina,active,Garantía del vendedor: 30 días,2023-09-20T17:18:28.000Z,2024-10-15T15:07:30.144Z,
MLA1376700509,Amazon Fire Tv Stick 4k 8gb  1.5gb Ram Streaming Control Voz,78800,78800,,49,buy_it_now,gold_special,new,True,me2,True,True,cross_docking,False,San Cristóbal,Capital Federal,Argentina,active,Garantía del vendedor: 6 meses,2023-07-11T18:29:11.000Z,2024-10-16T06:59:23.021Z,0.9
MLA1451784141,Apple Tv A1427 1a Gen. Negro / Full Hd Impecable!!,45000,45000,,1,buy_it_now,gold_special,used,True,me2,False,False,drop_off,False,Godoy Cruz,Mendoza,Argentina,active,Sin garantía,2024-09-23T21:27:23.215Z,2024-09-23T21:27:26.076Z,0.75
MLA1745935346,Kanji Fag-kj-smart4kvip Tv Box 4gb Ram 32gb Color Negro,59990.0,59990.0,,299,buy_it_now,gold_special,new,True,me2,True,True,cross_docking,False,Monte Castro,Capital Federal,Argentina,active,Garantía de fábrica: 6 meses,2024-04-19T20:56:40.000Z,2024-10-16T14:12:27.693Z,
MLA1926953426,Convertidor Smart Tv Box Noga Pc Ultra Estándar 4k 8gb Negro Con 1gb De Memoria Ram,51907,51907,,65,buy_it_now,gold_special,new,True,me2,False,True,drop_off,False,Bermejo,Mendoza,Argentina,active,Sin garantía,2024-10-03T23:09:38.131Z,2024-10-16T10:33:17.604Z,
MLA1890470052,Amazon Fire Tv Stick Lite- De Voz 2.ª Generación Full Hd Neg,79315.0,79315.0,,48,buy_it_now,gold_special,new,True,me2,True,True,xd_drop_off,False,Córdoba,Córdoba,Argentina,active,Garantía del vendedor: 3 meses,2024-08-22T14:38:19.524Z,2024-10-15T16:40:42.100Z,0.9
MLA1794555584,Apple Tv A1427 3.ª Generación Full Hd,80000,80000,,1,buy_it_now,gold_special,used,True,me2,False,False,xd_drop_off,False,Lanús,Buenos Aires,Argentina,active,Sin garantía,2024-06-01T16:57:34.286Z,2024-10-10T13:31:34.537Z,0.62
MLA1418310733,Google Chromecast 4ta Genereación Con Google Tv Hd - Blanco,99870,99870,,142,buy_it_now,gold_special,new,True,me2,True,True,cross_docking,False,San Cristóbal,Capital Federal,Argentina,active,Garantía del vendedor: 6 meses,2024-03-28T19:29:24.000Z,2024-10-16T14:42:21.934Z,0.9
MLA1436028141, Apple Tv A1427  8gb Negro  512mb Ram ,46000,46000,,1,buy_it_now,gold_special,used,True,me2,False,False,xd_drop_off,False,Belgrano,Capital Federal,Argentina,active,Sin garantía,2024-07-04T15:57:23.000Z,2024-10-15T08:53:16.140Z,0.62
MLA1444271731,Apple Tv A1427 2da Generación,35000,35000,,1,buy_it_now,gold_special,used,True,me2,True,False,xd_drop_off,False,Villa del Parque,Capital Federal,Argentina,active,Sin garantía,2024-08-19T00:12:29.963Z,2024-10-14T22:34:34.373Z,0.55
MLA1594852796, Apple Tv 4k A2169 De Voz 2.ª Generación 2021 4k 64gb Negro,22222222,22222222,,1,buy_it_now,gold_special,new,True,me2,False,True,drop_off,False,Almagro,Capital Federal,Argentina,active,Garantía del vendedor: 1 meses,2023-12-11T06:36:05.000Z,2024-10-09T12:21:41.036Z,
MLA930506223,Soporte Montaje Embutido Pared Google Home Hub Mountgenie,19900,19900,,50,buy_it_now,gold_special,new,True,me2,True,False,xd_drop_off,False,Caballito,Capital Federal,Argentina,active,Garantía del vendedor: 2 años,2021-07-22T21:07:44.000Z,2024-09-26T13:15:51.557Z,0.8
MLA1389268423,Onn Google Tv Uhd 4k 8gb 2gb Ram Hdmi Control Remoto + Voz ,69990,69990,73895.62,79,buy_it_now,gold_special,new,True,me2,True,True,cross_docking,False,Balvanera,Capital Federal,Argentina,active,Garantía del vendedor: 6 meses,2023-09-21T17:22:41.000Z,2024-10-16T02:07:59.842Z,0.9
MLA1424104371,Onn Streaming 4k 2 Gb Ram Google Tv 2023 Original,79900,79900,,79,buy_it_now,gold_pro,new,True,me2,True,True,xd_drop_off,False,San Cristobal,Capital Federal,Argentina,active,Garantía del vendedor: 6 meses,2024-04-30T18:11:14.000Z,2024-10-16T12:16:01.619Z,1
MLA833417329,Google Home Mini Asistente Virtual Parlante Original Español,177100,177100,,1,buy_it_now,gold_special,new,True,me2,True,True,drop_off,False,Tostado,Santa Fe,Argentina,active,Garantía del vendedor: 30 días,2020-01-07T22:11:34.000Z,2024-09-26T04:20:17.295Z,0.88
MLA1597470910,Google Home Mini Con Google Assistant Negro Reacondicionado,69990,69990,,999,buy_it_now,gold_special,new,True,me2,False,True,cross_docking,False,Paternal,Capital Federal,Argentina,active,Garantía del vendedor: 3 meses,2023-12-13T16:08:36.234Z,2024-09-29T03:09:31.899Z,0.8
MLA1683895992,Google Home Max Con Asistente Virtual Google Assistant Chalk 100v/240v,814644,814644,,1,buy_it_now,gold_special,new,True,me2,True,True,xd_drop_off,False,Rosario,Santa Fe,Argentina,active,Garantía del vendedor: 6 meses,2024-02-27T17:01:38.000Z,2024-07-23T14:55:05.078Z,
MLA1422239063,Google Home Mini Con Asistente Virtual ,59999,59999,,2,buy_it_now,gold_special,used,True,me2,False,True,xd_drop_off,False,González Catan,Buenos Aires,Argentina,active,Garantía del vendedor: 30 días,2024-04-17T23:28:29.000Z,2024-08-30T01:57:31.640Z,0.66
MLA1911254292,Apple Tv 4k (wifi + Ethernet) A2843 4k 128gb Negro,475000,475000,,1,buy_it_now,gold_special,used,True,me2,False,True,drop_off,False,Bariloche,Río Negro,Argentina,active,Sin garantía,2024-09-17T02:29:34.171Z,2024-10-15T17:18:22.583Z,0.75
MLA1848669688,Smart Tv Onn Uhd Streaming 4k Color Negro Control Remoto De,65500,65500,,230,buy_it_now,gold_special,new,True,me2,False,True,fulfillment,False,Rosario,Santa Fe,Argentina,active,Garantía del vendedor: 6 días,2024-07-17T14:49:25.849Z,2024-10-16T12:22:14.522Z,0.88
MLA1447987851,Apple Tv A1427 Estándar 3.a Generación Fhd,70000,70000,,1,buy_it_now,gold_special,used,True,me2,False,True,drop_off,False,Monte Castro,Capital Federal,Argentina,active,Sin garantía,2024-09-04T14:55:29.555Z,2024-09-04T14:55:31.440Z,0.75
MLA1125948601,Combo Google Home Mini + Chromecast 2 Ga00379-us,129990,129990,,1133,buy_it_now,gold_special,new,True,me2,False,True,cross_docking,False,Paternal,Capital Federal,Argentina,active,Garantía del vendedor: 6 meses,2022-03-04T15:41:56.000Z,2024-10-16T03:20:05.605Z,0.8
MLA1626492828,Amazon Fire Tv Stick 4k De Voz 2ª Generación 4k 8gb Negro1 Con 1.5gb De Memoria Ram,84450,84450,,60,buy_it_now,gold_special,new,True,me2,False,True,fulfillment,False,SAN NICOLAS,Capital Federal,Argentina,active,Sin garantía,2024-01-10T19:55:32.708Z,2024-10-16T13:20:25.508Z,
MLA1425682135,Roku Express 3960mx Streaming Tv Hd 512mb Con Control Remoto,70999,70999,,799,buy_it_now,gold_special,new,True,me2,False,True,fulfillment,False,Villa Urquiza,Capital Federal,Argentina,active,Garantía del vendedor: 6 meses,2024-05-09T14:55:57.000Z,2024-10-16T14:16:45.263Z,0.88
MLA1455053229,Smart Tv Onn  Uhd Streaming 4k Google Tv Netflix Disney+ Hbo,69999,69999,,41,buy_it_now,gold_special,new,True,me2,False,True,cross_docking,False,San Nicolás,Capital Federal,Argentina,active,Garantía del vendedor: 6 meses,2024-10-14T09:44:41.531Z,2024-10-16T14:03:16.842Z,0.9
MLA1324508604,Chromecast Google Ga03131 Tv Hd 8gb Blanco Control,127338,127338,,2417,buy_it_now,gold_special,new,True,me2,False,True,cross_docking,False,Chacarita,Capital Federal,Argentina,active,Garantía de fábrica: 6 meses,2023-01-28T15:12:15.000Z,2024-10-16T15:02:21.308Z,0.81
MLA912014012,Soporte De Pared Google Mini Home / Nest Mini 2da Generacion,4999,4999,,61,buy_it_now,gold_special,new,True,me2,False,False,drop_off,False,Mina Clavero,Córdoba,Argentina,active,Garantía del vendedor: 30 días,2021-03-15T22:57:54.000Z,2024-08-08T12:23:42.988Z,0.77
MLA1436571213,Google Home Mini - Excelente!!,65000,65000,,1,buy_it_now,gold_special,used,True,me2,False,False,xd_drop_off,False,Buenos Aires,Capital Federal,Argentina,active,Sin garantía,2024-07-07T21:41:41.206Z,2024-09-15T17:54:48.185Z,0.62
MLA1441968219,Smart Tv Convertidor 4k Bluetooth Wifi Android 12 Pcreg,131111,131111,,62,buy_it_now,gold_special,new,True,me2,False,True,fulfillment,False,Almagro,Capital Federal,Argentina,active,Garantía de fábrica: 12 meses,2024-08-07T16:37:02.765Z,2024-10-16T14:43:42.413Z,0.77
MLA1597677286,Speaker Google Home Mini Con Asistente Virtual  Refabricado,89990,89990,,999,buy_it_now,gold_pro,new,True,me2,False,True,cross_docking,False,Paternal,Capital Federal,Argentina,active,Garantía del vendedor: 3 meses,2023-12-13T16:12:42.000Z,2024-10-16T12:03:09.089Z,0.9
MLA1400247011, Apple Tv A1469 Estándar 3era Generación,62000,62000,,2,buy_it_now,gold_special,used,True,me2,True,False,xd_drop_off,False,Agronomía,Capital Federal,Argentina,active,Sin garantía,2023-12-26T20:34:18.000Z,2024-10-12T21:40:23.582Z,0.55
MLA1867539440,Google Nest Mini Nest Mini 2nd Gen Con Asistente Virtual Google Assistant Chalk 110v/220v,169999,169999,,1,buy_it_now,gold_pro,new,True,me2,True,True,xd_drop_off,False,Villa Celina,Buenos Aires,Argentina,active,Garantía del vendedor: 12 meses,2024-07-31T21:04:10.830Z,2024-08-10T17:37:13.580Z,
MLA1597457958,Google Home Mini Con Asistente Virtual  Charcoal Refabricado,69990,69990,,999,buy_it_now,gold_special,new,True,me2,False,True,cross_docking,False,Paternal,Capital Federal,Argentina,active,Garantía del vendedor: 3 meses,2023-12-13T16:08:39.257Z,2024-09-29T03:41:20.143Z,0.8
MLA1858473044,Google Chromecast 4 Generación Con Google Tv Hd Blanco,105000,105000,,296,buy_it_now,gold_special,new,True,me2,True,True,xd_drop_off,False,Palermo,Capital Federal,Argentina,active,Garantía del vendedor: 6 meses,2024-07-25T12:43:24.724Z,2024-10-16T15:03:27.942Z,0.9
